Timestamp,Repository,Task,Status,Symbol
2025-10-22 11:29:58,ic3_spool_cosine-dep-spool,task-clone-repo,SUCCESS,✓
2025-10-22 11:30:25,ic3_spool_cosine-dep-spool,task-execute-readme,SUCCESS,✓
2025-10-22 11:30:53,ic3_spool_cosine-dep-spool,task-find-solutions,SUCCESS,✓
2025-10-22 11:44:14,ic3_spool_cosine-dep-spool,task-process-solutions,SUCCESS,✓
2025-10-22 11:45:31,people_spool_usertokenmanagement,task-clone-repo,SUCCESS,✓
2025-10-22 11:45:31,people_spool_usertokenmanagement,task-execute-readme,SUCCESS,✓
2025-10-22 11:45:31,people_spool_usertokenmanagement,task-find-solutions,SUCCESS,✓
2025-10-22 11:49:18,people_spool_usertokenmanagement,task-process-solutions,SUCCESS,✓
2025-10-22 11:49:26,sync_calling_concore-conversation,task-clone-repo,SUCCESS,✓
2025-10-22 11:49:26,sync_calling_concore-conversation,task-execute-readme,SUCCESS,✓
2025-10-22 11:49:28,sync_calling_concore-conversation,task-find-solutions,SUCCESS,✓
